{"background": [0, 0, 0, 0], "meshes": {"Cube": {"verts": [[1.0, 1.0, 1.0], [1.0, 1.0, -1.0], [1.0, -1.0, 1.0], [1.0, -1.0, -1.0], [-1.0, 1.0, 1.0], [-1.0, 1.0, -1.0], [-1.0, -1.0, 1.0], [-1.0, -1.0, -1.0]], "normals": [[0.5773502588272095, 0.5773502588272095, 0.5773502588272095], [0.5773502588272095, 0.5773502588272095, -0.5773502588272095], [0.5773502588272095, -0.5773502588272095, 0.5773502588272095], [0.5773502588272095, -0.5773502588272095, -0.5773502588272095], [-0.5773502588272095, 0.5773502588272095, 0.5773502588272095], [-0.5773502588272095, 0.5773502588272095, -0.5773502588272095], [-0.5773502588272095, -0.5773502588272095, 0.5773502588272095], [-0.5773502588272095, -0.5773502588272095, -0.5773502588272095]], "faces": [[4, 2, 0], [2, 7, 3], [6, 5, 7], [1, 7, 5], [0, 3, 1], [4, 1, 5], [4, 6, 2], [2, 6, 7], [6, 4, 5], [1, 3, 7], [0, 2, 3], [4, 0, 1]]}}, "objects": [{"mesh": "Cube", "transform": [1.0, 0.0, 0.0, 0.0, 0.0, 1.0, 0.0, 0.0, 0.0, 0.0, 1.0, 0.0, 0.0, 0.0, 0.0, 1.0], "material": "Material"}], "lights": [{"Area": {"size": 10.0, "transform": [-0.29086464643478394, 0.9551711678504944, -0.05518905818462372, 0.0, -0.7711008191108704, -0.1998833566904068, 0.6045247316360474, 0.0, 0.5663931965827942, 0.21839119493961334, 0.7946722507476807, 0.0, 4.076245307922363, 1.0054539442062378, 5.903861999511719, 1.0], "power": 10.0, "color": [1.0, 1.0, 1.0, 0]}}], "materials": {"Dots Stroke": {"metalic": 0.0, "color": [0.800000011920929, 0.800000011920929, 0.800000011920929, 1.0], "roughness": 0.5}, "Material": {"metalic": 0.0, "color": [0.800000011920929, 0.800000011920929, 0.800000011920929, 1.0], "roughness": 0.5}}, "camera": {"fov": 0.47108996144172666, "aspect_ratio": 1.7777777777777777, "znear": 0.10000000149011612, "zfar": 100.0, "transform": [0.6859206557273865, 0.7276763319969177, 0.0, 0.0, -0.32401347160339355, 0.305420845746994, 0.8953956365585327, 0.0, 0.6515582203865051, -0.6141703724861145, 0.44527140259742737, 0.0, 7.358891487121582, -6.925790786743164, 4.958309173583984, 1.0]}}
